/external_interface/probe_and_subcircuit/example_sub_subcircuit.sch	ngspice	required	E	SUB1: its subcircuit example_subcircuit is not found (beside the schematic, in the project or its user_lib): it has no pins, and what was wired to them is on nothing
/external_interface/probe_and_subcircuit/example_sub_subcircuit.sch	ngspice	required	E	SUB2: its subcircuit example_subcircuit is not found (beside the schematic, in the project or its user_lib): it has no pins, and what was wired to them is on nothing
/external_interface/probe_and_subcircuit/example_sub_subcircuit.sch	ngspice	required	W	the wire end at 200, 110 is connected to nothing
/external_interface/probe_and_subcircuit/example_sub_subcircuit.sch	ngspice	required	W	the wire end at 200, 170 is connected to nothing
/external_interface/probe_and_subcircuit/example_sub_subcircuit.sch	ngspice	required	W	the wire end at 200, 340 is connected to nothing
/external_interface/probe_and_subcircuit/example_sub_subcircuit.sch	ngspice	required	W	the wire end at 200, 400 is connected to nothing
/external_interface/probe_and_subcircuit/example_sub_subcircuit.sch	ngspice	required	W	R1: not connected to a port or ground or to the rest of the circuit (floating)
/external_interface/probe_and_subcircuit/example_sub_subcircuit.sch	ngspice	free	E	SUB1: its subcircuit example_subcircuit is not found (beside the schematic, in the project or its user_lib): it has no pins, and what was wired to them is on nothing
/external_interface/probe_and_subcircuit/example_sub_subcircuit.sch	ngspice	free	E	SUB2: its subcircuit example_subcircuit is not found (beside the schematic, in the project or its user_lib): it has no pins, and what was wired to them is on nothing
/external_interface/probe_and_subcircuit/example_sub_subcircuit.sch	ngspice	free	W	the wire end at 200, 110 is connected to nothing
/external_interface/probe_and_subcircuit/example_sub_subcircuit.sch	ngspice	free	W	the wire end at 200, 170 is connected to nothing
/external_interface/probe_and_subcircuit/example_sub_subcircuit.sch	ngspice	free	W	the wire end at 200, 340 is connected to nothing
/external_interface/probe_and_subcircuit/example_sub_subcircuit.sch	ngspice	free	W	the wire end at 200, 400 is connected to nothing
/external_interface/probe_and_subcircuit/example_sub_subcircuit.sch	ngspice	free	W	R1: not connected to a port or ground or to the rest of the circuit (floating)
/external_interface/probe_and_subcircuit/example_probe_and_subcircuit.sch	ngspice	required	E	ETR1: not available for Ngspice
/external_interface/probe_and_subcircuit/example_probe_and_subcircuit.sch	ngspice	required	E	SUB1: its subcircuit example_sub_subcircuit is not found (beside the schematic, in the project or its user_lib): it has no pins, and what was wired to them is on nothing
/external_interface/probe_and_subcircuit/example_probe_and_subcircuit.sch	ngspice	required	W	the wire end at 770, 240 is connected to nothing
/external_interface/probe_and_subcircuit/example_probe_and_subcircuit.sch	ngspice	required	W	the wire end at 830, 240 is connected to nothing
/external_interface/probe_and_subcircuit/example_probe_and_subcircuit.sch	ngspice	free	E	ETR1: not available for Ngspice
/external_interface/probe_and_subcircuit/example_probe_and_subcircuit.sch	ngspice	free	E	SUB1: its subcircuit example_sub_subcircuit is not found (beside the schematic, in the project or its user_lib): it has no pins, and what was wired to them is on nothing
/external_interface/probe_and_subcircuit/example_probe_and_subcircuit.sch	ngspice	free	W	the wire end at 770, 240 is connected to nothing
/external_interface/probe_and_subcircuit/example_probe_and_subcircuit.sch	ngspice	free	W	the wire end at 830, 240 is connected to nothing
/qucsator/General Electronics/Waveform generation/Puls3b.sch	qucsator	required	W	the wire end at 520, 80 is connected to nothing
/qucsator/General Electronics/Waveform generation/Puls3b.sch	qucsator	free	W	the wire end at 520, 80 is connected to nothing
/qucsator/RF/Oscillators/VCO_100.sch	qucsator	required	W	net L7.1 reaches ground only through capacitors or current sources (C5, C6): no DC path, so no operating point (a large resistor to ground gives it one)
/qucsator/RF/Oscillators/VCO_100.sch	qucsator	free	W	net L7.1 reaches ground only through capacitors or current sources (C5, C6): no DC path, so no operating point (a large resistor to ground gives it one)
/xyce/Xyce_Examples/09-Lorenz/lorenz.sch	xyce	required	W	the ground at 1090, 220 is connected to nothing
/xyce/Xyce_Examples/09-Lorenz/lorenz.sch	xyce	required	W	the ground at 1110, 470 is connected to nothing
/xyce/Xyce_Examples/09-Lorenz/lorenz.sch	xyce	required	W	the ground at 1110, 880 is connected to nothing
/xyce/Xyce_Examples/09-Lorenz/lorenz.sch	xyce	required	W	U2: pin 1 is connected to nothing
/xyce/Xyce_Examples/09-Lorenz/lorenz.sch	xyce	required	W	U2: pin 2 is connected to nothing
/xyce/Xyce_Examples/09-Lorenz/lorenz.sch	xyce	required	W	U2: pin 3 is connected to nothing
/xyce/Xyce_Examples/09-Lorenz/lorenz.sch	xyce	required	W	U2: pin 4 is connected to nothing
/xyce/Xyce_Examples/09-Lorenz/lorenz.sch	xyce	required	W	U2: pin 5 is connected to nothing
/xyce/Xyce_Examples/09-Lorenz/lorenz.sch	xyce	required	W	U3: pin 1 is connected to nothing
/xyce/Xyce_Examples/09-Lorenz/lorenz.sch	xyce	required	W	U3: pin 2 is connected to nothing
/xyce/Xyce_Examples/09-Lorenz/lorenz.sch	xyce	required	W	U3: pin 3 is connected to nothing
/xyce/Xyce_Examples/09-Lorenz/lorenz.sch	xyce	required	W	U3: pin 4 is connected to nothing
/xyce/Xyce_Examples/09-Lorenz/lorenz.sch	xyce	required	W	U3: pin 5 is connected to nothing
/xyce/Xyce_Examples/09-Lorenz/lorenz.sch	xyce	required	W	U4: pin 1 is connected to nothing
/xyce/Xyce_Examples/09-Lorenz/lorenz.sch	xyce	required	W	U4: pin 2 is connected to nothing
/xyce/Xyce_Examples/09-Lorenz/lorenz.sch	xyce	required	W	U4: pin 3 is connected to nothing
/xyce/Xyce_Examples/09-Lorenz/lorenz.sch	xyce	required	W	U4: pin 4 is connected to nothing
/xyce/Xyce_Examples/09-Lorenz/lorenz.sch	xyce	required	W	U4: pin 5 is connected to nothing
/xyce/Xyce_Examples/09-Lorenz/lorenz.sch	xyce	required	W	the wire end at 1190, 200 is connected to nothing
/xyce/Xyce_Examples/09-Lorenz/lorenz.sch	xyce	required	W	the wire end at 1210, 450 is connected to nothing
/xyce/Xyce_Examples/09-Lorenz/lorenz.sch	xyce	required	W	the wire end at 1210, 860 is connected to nothing
/xyce/Xyce_Examples/09-Lorenz/lorenz.sch	xyce	free	W	the ground at 1090, 220 is connected to nothing
/xyce/Xyce_Examples/09-Lorenz/lorenz.sch	xyce	free	W	the ground at 1110, 470 is connected to nothing
/xyce/Xyce_Examples/09-Lorenz/lorenz.sch	xyce	free	W	the ground at 1110, 880 is connected to nothing
/xyce/Xyce_Examples/09-Lorenz/lorenz.sch	xyce	free	W	U2: pin 1 is connected to nothing
/xyce/Xyce_Examples/09-Lorenz/lorenz.sch	xyce	free	W	U2: pin 2 is connected to nothing
/xyce/Xyce_Examples/09-Lorenz/lorenz.sch	xyce	free	W	U2: pin 3 is connected to nothing
/xyce/Xyce_Examples/09-Lorenz/lorenz.sch	xyce	free	W	U2: pin 4 is connected to nothing
/xyce/Xyce_Examples/09-Lorenz/lorenz.sch	xyce	free	W	U2: pin 5 is connected to nothing
/xyce/Xyce_Examples/09-Lorenz/lorenz.sch	xyce	free	W	U3: pin 1 is connected to nothing
/xyce/Xyce_Examples/09-Lorenz/lorenz.sch	xyce	free	W	U3: pin 2 is connected to nothing
/xyce/Xyce_Examples/09-Lorenz/lorenz.sch	xyce	free	W	U3: pin 3 is connected to nothing
/xyce/Xyce_Examples/09-Lorenz/lorenz.sch	xyce	free	W	U3: pin 4 is connected to nothing
/xyce/Xyce_Examples/09-Lorenz/lorenz.sch	xyce	free	W	U3: pin 5 is connected to nothing
/xyce/Xyce_Examples/09-Lorenz/lorenz.sch	xyce	free	W	U4: pin 1 is connected to nothing
/xyce/Xyce_Examples/09-Lorenz/lorenz.sch	xyce	free	W	U4: pin 2 is connected to nothing
/xyce/Xyce_Examples/09-Lorenz/lorenz.sch	xyce	free	W	U4: pin 3 is connected to nothing
/xyce/Xyce_Examples/09-Lorenz/lorenz.sch	xyce	free	W	U4: pin 4 is connected to nothing
/xyce/Xyce_Examples/09-Lorenz/lorenz.sch	xyce	free	W	U4: pin 5 is connected to nothing
/xyce/Xyce_Examples/09-Lorenz/lorenz.sch	xyce	free	W	the wire end at 1190, 200 is connected to nothing
/xyce/Xyce_Examples/09-Lorenz/lorenz.sch	xyce	free	W	the wire end at 1210, 450 is connected to nothing
/xyce/Xyce_Examples/09-Lorenz/lorenz.sch	xyce	free	W	the wire end at 1210, 860 is connected to nothing
/xyce/XyceDigital/testCombLogic1.sch	xyce	required	W	the wire end at 550, 240 is connected to nothing
/xyce/XyceDigital/testCombLogic1.sch	xyce	required	W	the wire end at 550, 220 is connected to nothing
/xyce/XyceDigital/testCombLogic1.sch	xyce	required	W	the wire end at 40, 200 is connected to nothing
/xyce/XyceDigital/testCombLogic1.sch	xyce	required	W	the wire end at 140, 180 is connected to nothing
/xyce/XyceDigital/testCombLogic1.sch	xyce	required	W	the wire end at 140, 160 is connected to nothing
/xyce/XyceDigital/testCombLogic1.sch	xyce	required	W	the wire end at 140, 140 is connected to nothing
/xyce/XyceDigital/testCombLogic1.sch	xyce	required	W	the wire end at 650, 230 is connected to nothing
/xyce/XyceDigital/testCombLogic1.sch	xyce	required	W	the wire end at 770, 230 is connected to nothing
/xyce/XyceDigital/testCombLogic1.sch	xyce	free	W	the wire end at 550, 240 is connected to nothing
/xyce/XyceDigital/testCombLogic1.sch	xyce	free	W	the wire end at 550, 220 is connected to nothing
/xyce/XyceDigital/testCombLogic1.sch	xyce	free	W	the wire end at 40, 200 is connected to nothing
/xyce/XyceDigital/testCombLogic1.sch	xyce	free	W	the wire end at 140, 180 is connected to nothing
/xyce/XyceDigital/testCombLogic1.sch	xyce	free	W	the wire end at 140, 160 is connected to nothing
/xyce/XyceDigital/testCombLogic1.sch	xyce	free	W	the wire end at 140, 140 is connected to nothing
/xyce/XyceDigital/testCombLogic1.sch	xyce	free	W	the wire end at 650, 230 is connected to nothing
/xyce/XyceDigital/testCombLogic1.sch	xyce	free	W	the wire end at 770, 230 is connected to nothing
/xyce/XyceDigital/testCombLogic2.sch	xyce	required	W	the wire end at 930, 290 is connected to nothing
/xyce/XyceDigital/testCombLogic2.sch	xyce	required	W	the wire end at 860, 270 is connected to nothing
/xyce/XyceDigital/testCombLogic2.sch	xyce	required	W	the wire end at 910, 330 is connected to nothing
/xyce/XyceDigital/testCombLogic2.sch	xyce	required	W	the wire end at 930, 330 is connected to nothing
/xyce/XyceDigital/testCombLogic2.sch	xyce	required	W	the wire end at 910, 310 is connected to nothing
/xyce/XyceDigital/testCombLogic2.sch	xyce	required	W	the wire end at 930, 310 is connected to nothing
/xyce/XyceDigital/testCombLogic2.sch	xyce	required	W	the wire end at 910, 410 is connected to nothing
/xyce/XyceDigital/testCombLogic2.sch	xyce	required	W	the wire end at 930, 410 is connected to nothing
/xyce/XyceDigital/testCombLogic2.sch	xyce	required	W	the wire end at 620, 410 is connected to nothing
/xyce/XyceDigital/testCombLogic2.sch	xyce	required	W	the wire end at 790, 410 is connected to nothing
/xyce/XyceDigital/testCombLogic2.sch	xyce	required	W	the wire end at 910, 390 is connected to nothing
/xyce/XyceDigital/testCombLogic2.sch	xyce	required	W	the wire end at 930, 390 is connected to nothing
/xyce/XyceDigital/testCombLogic2.sch	xyce	required	W	the wire end at 620, 390 is connected to nothing
/xyce/XyceDigital/testCombLogic2.sch	xyce	required	W	the wire end at 790, 390 is connected to nothing
/xyce/XyceDigital/testCombLogic2.sch	xyce	required	W	the wire end at 910, 370 is connected to nothing
/xyce/XyceDigital/testCombLogic2.sch	xyce	required	W	the wire end at 930, 370 is connected to nothing
/xyce/XyceDigital/testCombLogic2.sch	xyce	required	W	the wire end at 620, 370 is connected to nothing
/xyce/XyceDigital/testCombLogic2.sch	xyce	required	W	the wire end at 790, 370 is connected to nothing
/xyce/XyceDigital/testCombLogic2.sch	xyce	required	W	the wire end at 910, 350 is connected to nothing
/xyce/XyceDigital/testCombLogic2.sch	xyce	required	W	the wire end at 930, 350 is connected to nothing
/xyce/XyceDigital/testCombLogic2.sch	xyce	required	W	the wire end at 620, 350 is connected to nothing
/xyce/XyceDigital/testCombLogic2.sch	xyce	required	W	the wire end at 790, 350 is connected to nothing
/xyce/XyceDigital/testCombLogic2.sch	xyce	free	W	the wire end at 930, 290 is connected to nothing
/xyce/XyceDigital/testCombLogic2.sch	xyce	free	W	the wire end at 860, 270 is connected to nothing
/xyce/XyceDigital/testCombLogic2.sch	xyce	free	W	the wire end at 910, 330 is connected to nothing
/xyce/XyceDigital/testCombLogic2.sch	xyce	free	W	the wire end at 930, 330 is connected to nothing
/xyce/XyceDigital/testCombLogic2.sch	xyce	free	W	the wire end at 910, 310 is connected to nothing
/xyce/XyceDigital/testCombLogic2.sch	xyce	free	W	the wire end at 930, 310 is connected to nothing
/xyce/XyceDigital/testCombLogic2.sch	xyce	free	W	the wire end at 910, 410 is connected to nothing
/xyce/XyceDigital/testCombLogic2.sch	xyce	free	W	the wire end at 930, 410 is connected to nothing
/xyce/XyceDigital/testCombLogic2.sch	xyce	free	W	the wire end at 620, 410 is connected to nothing
/xyce/XyceDigital/testCombLogic2.sch	xyce	free	W	the wire end at 790, 410 is connected to nothing
/xyce/XyceDigital/testCombLogic2.sch	xyce	free	W	the wire end at 910, 390 is connected to nothing
/xyce/XyceDigital/testCombLogic2.sch	xyce	free	W	the wire end at 930, 390 is connected to nothing
/xyce/XyceDigital/testCombLogic2.sch	xyce	free	W	the wire end at 620, 390 is connected to nothing
/xyce/XyceDigital/testCombLogic2.sch	xyce	free	W	the wire end at 790, 390 is connected to nothing
/xyce/XyceDigital/testCombLogic2.sch	xyce	free	W	the wire end at 910, 370 is connected to nothing
/xyce/XyceDigital/testCombLogic2.sch	xyce	free	W	the wire end at 930, 370 is connected to nothing
/xyce/XyceDigital/testCombLogic2.sch	xyce	free	W	the wire end at 620, 370 is connected to nothing
/xyce/XyceDigital/testCombLogic2.sch	xyce	free	W	the wire end at 790, 370 is connected to nothing
/xyce/XyceDigital/testCombLogic2.sch	xyce	free	W	the wire end at 910, 350 is connected to nothing
/xyce/XyceDigital/testCombLogic2.sch	xyce	free	W	the wire end at 930, 350 is connected to nothing
/xyce/XyceDigital/testCombLogic2.sch	xyce	free	W	the wire end at 620, 350 is connected to nothing
/xyce/XyceDigital/testCombLogic2.sch	xyce	free	W	the wire end at 790, 350 is connected to nothing
/xyce/XyceDigital/testPATGENX1.sch	xyce	required	W	the wire end at 360, 200 is connected to nothing
/xyce/XyceDigital/testPATGENX1.sch	xyce	required	W	the wire end at 480, 200 is connected to nothing
/xyce/XyceDigital/testPATGENX1.sch	xyce	free	W	the wire end at 360, 200 is connected to nothing
/xyce/XyceDigital/testPATGENX1.sch	xyce	free	W	the wire end at 480, 200 is connected to nothing
/xyce/XyceDigital/testPATGENX4.sch	xyce	required	W	the wire end at 280, 220 is connected to nothing
/xyce/XyceDigital/testPATGENX4.sch	xyce	required	W	the wire end at 280, 160 is connected to nothing
/xyce/XyceDigital/testPATGENX4.sch	xyce	required	W	the wire end at 400, 160 is connected to nothing
/xyce/XyceDigital/testPATGENX4.sch	xyce	required	W	the wire end at 400, 180 is connected to nothing
/xyce/XyceDigital/testPATGENX4.sch	xyce	required	W	the wire end at 400, 200 is connected to nothing
/xyce/XyceDigital/testPATGENX4.sch	xyce	required	W	the wire end at 400, 220 is connected to nothing
/xyce/XyceDigital/testPATGENX4.sch	xyce	free	W	the wire end at 280, 220 is connected to nothing
/xyce/XyceDigital/testPATGENX4.sch	xyce	free	W	the wire end at 280, 160 is connected to nothing
/xyce/XyceDigital/testPATGENX4.sch	xyce	free	W	the wire end at 400, 160 is connected to nothing
/xyce/XyceDigital/testPATGENX4.sch	xyce	free	W	the wire end at 400, 180 is connected to nothing
/xyce/XyceDigital/testPATGENX4.sch	xyce	free	W	the wire end at 400, 200 is connected to nothing
/xyce/XyceDigital/testPATGENX4.sch	xyce	free	W	the wire end at 400, 220 is connected to nothing
/xyce/XyceDigital/testNAND2.sch	xyce	required	W	the wire end at 620, 220 is connected to nothing
/xyce/XyceDigital/testNAND2.sch	xyce	required	W	the wire end at 450, 230 is connected to nothing
/xyce/XyceDigital/testNAND2.sch	xyce	required	W	the wire end at 450, 210 is connected to nothing
/xyce/XyceDigital/testNAND2.sch	xyce	free	W	the wire end at 620, 220 is connected to nothing
/xyce/XyceDigital/testNAND2.sch	xyce	free	W	the wire end at 450, 230 is connected to nothing
/xyce/XyceDigital/testNAND2.sch	xyce	free	W	the wire end at 450, 210 is connected to nothing
/ngspice/XSPICE_CM/testRFind.sch	ngspice	required	E	SUB1: its subcircuit lspice2g6.sch is not found (beside the schematic, in the project or its user_lib): it has no pins, and what was wired to them is on nothing
/ngspice/XSPICE_CM/testRFind.sch	ngspice	required	W	the ground at 560, 330 is connected to nothing
/ngspice/XSPICE_CM/testRFind.sch	ngspice	free	E	SUB1: its subcircuit lspice2g6.sch is not found (beside the schematic, in the project or its user_lib): it has no pins, and what was wired to them is on nothing
/ngspice/XSPICE_CM/testRFind.sch	ngspice	free	W	the ground at 560, 330 is connected to nothing
/ngspice/RF/Amplifiers/Tube Amplifiers/Tube_amp6V6.sch	ngspice	required	W	TRAN1: pin 5 is connected to nothing
/ngspice/RF/Amplifiers/Tube Amplifiers/Tube_amp6V6.sch	ngspice	required	W	TRAN1: pin 6 is connected to nothing
/ngspice/RF/Amplifiers/Tube Amplifiers/Tube_amp6V6.sch	ngspice	free	W	TRAN1: pin 5 is connected to nothing
/ngspice/RF/Amplifiers/Tube Amplifiers/Tube_amp6V6.sch	ngspice	free	W	TRAN1: pin 6 is connected to nothing
/ngspice/OpenVAF/Tunnel_Ngspice_prj/tunn.sch	-	-	E	(does not open)
/ngspice/Devices/MESFETs/testACMESFETCL1.sch	ngspice	required	E	MESFETCL1: the library part MESFETCL1 of MESFETs could not be loaded (not in the libraries of <source>/library/, nor the project's user_lib): it has no pins, and what was wired to them is on nothing
/ngspice/Devices/MESFETs/testACMESFETCL1.sch	ngspice	required	W	the ground at 640, 380 is connected to nothing
/ngspice/Devices/MESFETs/testACMESFETCL1.sch	ngspice	required	W	the wire end at 640, 300 is connected to nothing
/ngspice/Devices/MESFETs/testACMESFETCL1.sch	ngspice	required	W	the wire end at 600, 340 is connected to nothing
/ngspice/Devices/MESFETs/testACMESFETCL1.sch	ngspice	free	E	MESFETCL1: the library part MESFETCL1 of MESFETs could not be loaded (not in the libraries of <source>/library/, nor the project's user_lib): it has no pins, and what was wired to them is on nothing
/ngspice/Devices/MESFETs/testACMESFETCL1.sch	ngspice	free	W	the ground at 640, 380 is connected to nothing
/ngspice/Devices/MESFETs/testACMESFETCL1.sch	ngspice	free	W	the wire end at 640, 300 is connected to nothing
/ngspice/Devices/MESFETs/testACMESFETCL1.sch	ngspice	free	W	the wire end at 600, 340 is connected to nothing
/ngspice/Devices/MESFETs/testDCIdsVgs.sch	ngspice	required	E	MESFETCL1: the library part MESFETCL1 of MESFETs could not be loaded (not in the libraries of <source>/library/, nor the project's user_lib): it has no pins, and what was wired to them is on nothing
/ngspice/Devices/MESFETs/testDCIdsVgs.sch	ngspice	required	W	the ground at 580, 280 is connected to nothing
/ngspice/Devices/MESFETs/testDCIdsVgs.sch	ngspice	required	W	the wire end at 540, 240 is connected to nothing
/ngspice/Devices/MESFETs/testDCIdsVgs.sch	ngspice	required	W	the wire end at 580, 200 is connected to nothing
/ngspice/Devices/MESFETs/testDCIdsVgs.sch	ngspice	free	E	MESFETCL1: the library part MESFETCL1 of MESFETs could not be loaded (not in the libraries of <source>/library/, nor the project's user_lib): it has no pins, and what was wired to them is on nothing
/ngspice/Devices/MESFETs/testDCIdsVgs.sch	ngspice	free	W	the ground at 580, 280 is connected to nothing
/ngspice/Devices/MESFETs/testDCIdsVgs.sch	ngspice	free	W	the wire end at 540, 240 is connected to nothing
/ngspice/Devices/MESFETs/testDCIdsVgs.sch	ngspice	free	W	the wire end at 580, 200 is connected to nothing
/ngspice/Devices/MESFETs/testDCMESFETCL1.sch	ngspice	required	E	MESFETCL1: the library part MESFETCL1 of MESFETs could not be loaded (not in the libraries of <source>/library/, nor the project's user_lib): it has no pins, and what was wired to them is on nothing
/ngspice/Devices/MESFETs/testDCMESFETCL1.sch	ngspice	required	W	the ground at 580, 280 is connected to nothing
/ngspice/Devices/MESFETs/testDCMESFETCL1.sch	ngspice	required	W	the wire end at 580, 200 is connected to nothing
/ngspice/Devices/MESFETs/testDCMESFETCL1.sch	ngspice	required	W	the wire end at 540, 240 is connected to nothing
/ngspice/Devices/MESFETs/testDCMESFETCL1.sch	ngspice	free	E	MESFETCL1: the library part MESFETCL1 of MESFETs could not be loaded (not in the libraries of <source>/library/, nor the project's user_lib): it has no pins, and what was wired to them is on nothing
/ngspice/Devices/MESFETs/testDCMESFETCL1.sch	ngspice	free	W	the ground at 580, 280 is connected to nothing
/ngspice/Devices/MESFETs/testDCMESFETCL1.sch	ngspice	free	W	the wire end at 580, 200 is connected to nothing
/ngspice/Devices/MESFETs/testDCMESFETCL1.sch	ngspice	free	W	the wire end at 540, 240 is connected to nothing
